Symbol,Security,SEC filings,GICS Sector,GICS Sub-Industry,Headquarters Location,Date added,CIK,Founded,Wikidata ID,Wikidata Label
MMM,3M,reports,Industrials,Industrial Conglomerates,"Saint Paul, Minnesota",1976-08-09,66740,1902,Q159433,3M
AOS,A. O. Smith,reports,Industrials,Building Products,"Milwaukee, Wisconsin",2017-07-26,91142,1916,Q4648219,A. O. Smith
ABT,Abbott,reports,Health Care,Health Care Equipment,"North Chicago, Illinois",1964-03-31,1800,1888,Q306764,Abbott Laboratories
ABBV,AbbVie,reports,Health Care,Pharmaceuticals,"North Chicago, Illinois",2012-12-31,1551152,2013 (1888),Q14662364,AbbVie
ACN,Accenture,reports,Information Technology,IT Consulting & Other Services,"Dublin, Ireland",2011-07-06,1467373,1989,Q338825,Accenture
ATVI,Activision Blizzard,reports,Communication Services,Interactive Home Entertainment,"Santa Monica, California",2015-08-31,718877,2008,Q344341,Activision Blizzard
ADM,ADM,reports,Consumer Staples,Agricultural Products,"Chicago, Illinois",1981-07-29,7084,1902,Q632694,Archer Daniels Midland
ADBE,Adobe Inc.,reports,Information Technology,Application Software,"San Jose, California",1997-05-05,796343,1982,Q11463,Adobe
ADP,ADP,reports,Information Technology,Data Processing & Outsourced Services,"Roseland, New Jersey",1981-03-31,8670,1949,Q489080,Automatic Data Processing
AAP,Advance Auto Parts,reports,Consumer Discretionary,Automotive Retail,"Raleigh, North Carolina",2015-07-09,1158449,1932,Q4686051,Advance Auto Parts
AES,AES Corporation,reports,Utilities,Independent Power Producers & Energy Traders,"Arlington, Virginia",1998-10-02,874761,1981,Q291508,AES Corporation
AFL,Aflac,reports,Financials,Life & Health Insurance,"Columbus, Georgia",1999-05-28,4977,1955,Q26311,Aflac
A,Agilent Technologies,reports,Health Care,Health Care Equipment,"Santa Clara, California",2000-06-05,1090872,1999,Q393762,Agilent Technologies
APD,Air Products and Chemicals,reports,Materials,Industrial Gases,"Allentown, Pennsylvania",1985-04-30,2969,1940,Q407744,Air Products & Chemicals
AKAM,Akamai,reports,Information Technology,Internet Services & Infrastructure,"Cambridge, Massachusetts",2007-07-12,1086222,1998,Q415598,Akamai Technologies
ALK,Alaska Air Group,reports,Industrials,Airlines,"SeaTac, Washington",2016-05-13,766421,1985,Q4033665,Alaska Air Group
ALK,Alaska Air Group,reports,Industrials,Airlines,"SeaTac, Washington",2016-05-13,766421,1985,Q822614,Alaska Airlines
ALB,Albemarle Corporation,reports,Materials,Specialty Chemicals,"Charlotte, North Carolina",2016-07-01,915913,1994,Q127074,Albemarle Corporation
ARE,Alexandria Real Estate Equities,reports,Real Estate,Office REITs,"Pasadena, California",2017-03-20,1035443,1994,Q48739877,Alexandria Real Estate Equities
ALGN,Align Technology,reports,Health Care,Health Care Supplies,"Tempe, Arizona",2017-06-19,1097149,1997,Q30272258,Align Technology
ALLE,Allegion,reports,Industrials,Building Products,"New York City, New York",2013-12-02,1579241,1908,Q16738121,Allegion
LNT,Alliant Energy,reports,Utilities,Electric Utilities,"Madison, Wisconsin",2016-07-01,352541,1917,Q4732492,Alliant Energy
ALL,Allstate,reports,Financials,Property & Casualty Insurance,"Northfield Township, Illinois",1995-07-13,899051,1931,Q2645636,Allstate
GOOGL,Alphabet Inc. (Class A),reports,Communication Services,Interactive Media & Services,"Mountain View, California",2014-04-03,1652044,1998,Q20800404,Alphabet Inc.
GOOGL,Alphabet Inc. (Class A),reports,Communication Services,Interactive Media & Services,"Mountain View, California",2014-04-03,1652044,1998,Q95,Google
GOOG,Alphabet Inc. (Class C),reports,Communication Services,Interactive Media & Services,"Mountain View, California",2006-04-03,1652044,1998,Q20800404,Alphabet Inc.
GOOG,Alphabet Inc. (Class C),reports,Communication Services,Interactive Media & Services,"Mountain View, California",2006-04-03,1652044,1998,Q95,Google
MO,Altria,reports,Consumer Staples,Tobacco,"Richmond, Virginia",1957-03-04,764180,1985,Q445007,Altria
AMZN,Amazon,reports,Consumer Discretionary,Internet & Direct Marketing Retail,"Seattle, Washington",2005-11-18,1018724,1994,Q3884,Amazon
AMCR,Amcor,reports,Materials,Paper Packaging,"Warmley, Bristol, United Kingdom",2019-06-07,1748790,2019 (1860),Q460307,Amcor
AMD,AMD,reports,Information Technology,Semiconductors,"Santa Clara, California",2017-03-20,2488,1969,Q128896,Advanced Micro Devices
AEE,Ameren,reports,Utilities,Multi-Utilities,"St. Louis, Missouri",1991-09-19,1002910,1902,Q462984,Ameren
AAL,American Airlines Group,reports,Industrials,Airlines,"Fort Worth, Texas",2015-03-23,6201,1934,Q4742937,American Airlines Group
AAL,American Airlines Group,reports,Industrials,Airlines,"Fort Worth, Texas",2015-03-23,6201,1934,Q32396,American Airlines
AEP,American Electric Power,reports,Utilities,Electric Utilities,"Columbus, Ohio",1957-03-04,4904,1906,Q464092,American Electric Power
AXP,American Express,reports,Financials,Consumer Finance,"New York City, New York",1976-06-30,4962,1850,Q194360,American Express
AIG,American International Group,reports,Financials,Property & Casualty Insurance,"New York City, New York",1980-03-31,5272,1919,Q212235,American International Group
AMT,American Tower,reports,Real Estate,Specialized REITs,"Boston, Massachusetts",2007-11-19,1053507,1995,Q4745263,American Tower Corporation
AWK,American Water Works,reports,Utilities,Water Utilities,"Camden, New Jersey",2016-03-04,1410636,1886,Q467238,American Water
AMP,Ameriprise Financial,reports,Financials,Asset Management & Custody Banks,"Minneapolis, Minnesota",2005-10-03,820027,1894,Q2843129,Ameriprise Financial
ABC,AmerisourceBergen,reports,Health Care,Health Care Distributors,"Conshohocken, Pennsylvania",2001-08-30,1140859,1985,Q470156,AmerisourceBergen
AME,Ametek,reports,Industrials,Electrical Components & Equipment,"Berwyn, Pennsylvania",2013-09-23,1037868,1930,Q470317,Ametek
AMGN,Amgen,reports,Health Care,Biotechnology,"Thousand Oaks, California",1992-01-02,318154,1980,Q470517,Amgen
APH,Amphenol,reports,Information Technology,Electronic Components,"Wallingford, Connecticut",2008-09-30,820313,1932,Q474621,Amphenol
ADI,Analog Devices,reports,Information Technology,Semiconductors,"Wilmington, Massachusetts",1999-10-12,6281,1965,Q484930,Analog Devices
ANSS,Ansys,reports,Information Technology,Application Software,"Canonsburg, Pennsylvania",2017-06-19,1013462,1969,Q295774,Ansys
AON,Aon,reports,Financials,Insurance Brokers,"London, UK",1996-04-23,315293,1982 (1919),Q739518,Aon plc
APA,APA Corporation,reports,Energy,Oil & Gas Exploration & Production,"Houston, Texas",1997-07-28,1841666,1954,Q119991,APA Corporation
AAPL,Apple Inc.,reports,Information Technology,"Technology Hardware, Storage & Peripherals","Cupertino, California",1982-11-30,320193,1977,Q312,Apple
AMAT,Applied Materials,reports,Information Technology,Semiconductor Equipment,"Santa Clara, California",1995-03-16,6951,1967,Q621610,Applied Materials
AMAT,Applied Materials,reports,Information Technology,Semiconductor Equipment,"Santa Clara, California",1995-03-16,6951,1967,Q7449678,Semitool
APTV,Aptiv,reports,Consumer Discretionary,Auto Parts & Equipment,"Dublin, Ireland",2012-12-24,1521332,1994,Q643626,Aptiv
ACGL,Arch Capital Group,reports,Financials,Reinsurance,"Hamilton, Bermuda",2022-11-01,947484,1995,Q28155430,Arch Capital Group
ANET,Arista Networks,reports,Information Technology,Communications Equipment,"Santa Clara, California",2018-08-28,1596532,2004,Q2861324,Arista Networks
AJG,Arthur J. Gallagher & Co.,reports,Financials,Insurance Brokers,"Rolling Meadows, Illinois",2016-05-31,354190,1927,Q4799191,Arthur J. Gallagher & Co.
AIZ,Assurant,reports,Financials,Multi-line Insurance,"New York City, New York",2007-04-10,1267238,1892,Q4810399,Assurant
T,AT&T,reports,Communication Services,Integrated Telecommunication Services,"Dallas, Texas",1983-11-30 (1957-03-04),732717,1983 (1885),Q35476,AT&T
ATO,Atmos Energy,reports,Utilities,Gas Utilities,"Dallas, Texas",2019-02-15,731802,1906,Q4817084,Atmos Energy
ADSK,Autodesk,reports,Information Technology,Application Software,"San Francisco, California",1989-12-01,769397,1982,Q628051,Autodesk
AZO,AutoZone,reports,Consumer Discretionary,Specialty Stores,"Memphis, Tennessee",1997-01-02,866787,1979,Q4826087,AutoZone
AVB,AvalonBay Communities,reports,Real Estate,Residential REITs,"Arlington, Virginia",2007-01-10,915912,1978,Q4827537,AvalonBay Communities
AVY,Avery Dennison,reports,Materials,Paper Packaging,"Glendale, California",1987-12-31,8818,1990,Q790650,Avery Dennison
BKR,Baker Hughes,reports,Energy,Oil & Gas Equipment & Services,"Houston, Texas",2017-07-07,1701605,2017,Q804353,Baker Hughes
BAC,Bank of America,reports,Financials,Diversified Banks,"Charlotte, North Carolina",1976-06-30,70858,1998 (1923 / 1874),Q487907,Bank of America
BBWI,"Bath & Body Works, Inc.",reports,Consumer Discretionary,Specialty Stores,"Columbus, Ohio",1983-09-30,701985,1963,Q810773,Bath & Body Works
BAX,Baxter International,reports,Health Care,Health Care Equipment,"Deerfield, Illinois",1972-09-30,10456,1931,Q761965,Baxter International
BDX,Becton Dickinson,reports,Health Care,Health Care Equipment,"Franklin Lakes, New Jersey",1972-09-30,10795,1897,Q813780,Becton Dickinson
WRB,Berkley,reports,Financials,Property & Casualty Insurance,"Greenwich, Connecticut",2019-12-05,11544,1967,Q1369955,W. R. Berkley
BRK.B,Berkshire Hathaway,reports,Financials,Multi-Sector Holdings,"Omaha, Nebraska",2010-02-16,1067983,1839,Q217583,Berkshire Hathaway
BBY,Best Buy,reports,Consumer Discretionary,Computer & Electronics Retail,"Richfield, Minnesota",1999-06-29,764478,1966,Q533415,Best Buy
BIO,Bio-Rad,reports,Health Care,Life Sciences Tools & Services,"Hercules, California",2020-06-22,12208,1952,Q2904022,Bio-Rad Laboratories
TECH,Bio-Techne,reports,Health Care,Life Sciences Tools & Services,"Minneapolis, Minnesota",2021-08-30,842023,1976,Q19873469,Bio-Techne
BIIB,Biogen,reports,Health Care,Biotechnology,"Cambridge, Massachusetts",2003-11-13,875045,1978,Q864338,Biogen
BLK,BlackRock,reports,Financials,Asset Management & Custody Banks,"New York City, New York",2011-04-04,1364742,1988,Q219635,BlackRock
BK,BNY Mellon,reports,Financials,Asset Management & Custody Banks,"New York City, New York",1995-03-31,1390777,1784,Q589288,The Bank of New York Mellon
BA,Boeing,reports,Industrials,Aerospace & Defense,"Chicago, Illinois",1957-03-04,12927,1916,Q66,Boeing
BKNG,Booking Holdings,reports,Consumer Discretionary,Internet & Direct Marketing Retail,"Norwalk, Connecticut",2009-11-06,1075531,1996,Q18674747,Booking Holdings
BWA,BorgWarner,reports,Consumer Discretionary,Auto Parts & Equipment,"Auburn Hills, Michigan",2011-12-19,908255,1880,Q825943,BorgWarner
BXP,Boston Properties,reports,Real Estate,Office REITs,"Boston, Massachusetts",2006-04-03,1037540,1970,Q4844439,Boston Properties
BSX,Boston Scientific,reports,Health Care,Health Care Equipment,"Marlborough, Massachusetts",1995-02-24,885725,1979,Q894585,Boston Scientific
BMY,Bristol Myers Squibb,reports,Health Care,Pharmaceuticals,"New York City, New York",1957-03-04,14272,1989 (1887),Q266423,Bristol-Myers Squibb
AVGO,Broadcom Inc.,reports,Information Technology,Semiconductors,"San Jose, California",2014-05-08,1730168,1961,Q555925,Broadcom
AVGO,Broadcom Inc.,reports,Information Technology,Semiconductors,"San Jose, California",2014-05-08,1730168,1961,Q790060,Broadcom Limited
AVGO,Broadcom Inc.,reports,Information Technology,Semiconductors,"San Jose, California",2014-05-08,1730168,1961,Q4827416,Broadcom Inc.
BR,Broadridge Financial Solutions,reports,Information Technology,Data Processing & Outsourced Services,"Lake Success, New York",2018-06-18,1383312,1962,Q4972280,Broadridge Financial Solutions
BRO,Brown & Brown,reports,Financials,Insurance Brokers,"Daytona Beach, Florida",2021-09-20,79282,1939,Q4976010,Brown & Brown
BF.B,Brown–Forman,reports,Consumer Staples,Distillers & Vintners,"Louisville, Kentucky",1982-10-31,14693,1870,Q392221,Brown-Forman
CHRW,C.H. Robinson,reports,Industrials,Air Freight & Logistics,"Eden Prairie, Minnesota",2007-03-02,1043277,1905,Q931200,C. H. Robinson Worldwide
CDNS,Cadence Design Systems,reports,Information Technology,Application Software,"San Jose, California",2017-09-18,813672,1988,Q608776,Cadence Design Systems
CZR,Caesars Entertainment,reports,Consumer Discretionary,Casinos & Gaming,"Reno, Nevada",2021-03-22,1590895,1973,Q18636524,Caesars Entertainment
CPT,Camden Property Trust,reports,Real Estate,Residential REITs,"Houston, Texas",2022-04-04,906345,1981,Q5025803,Camden Property Trust
CPB,Campbell Soup Company,reports,Consumer Staples,Packaged Foods & Meats,"Camden, New Jersey",1957-03-04,16732,1869,Q1030544,Campbell Soup Company
COF,Capital One,reports,Financials,Consumer Finance,"Tysons Corner, Virginia",1998-07-01,927628,1994,Q1034654,Capital One
CAH,Cardinal Health,reports,Health Care,Health Care Distributors,"Dublin, Ohio",1997-05-27,721371,1971,Q902397,Cardinal Health
KMX,CarMax,reports,Consumer Discretionary,Automotive Retail,"Richmond, Virginia",2010-06-28,1170010,1993,Q5037190,CarMax
CCL,Carnival,reports,Consumer Discretionary,"Hotels, Resorts & Cruise Lines","Miami, Florida",1998-12-22,815097,1972,Q1044059,Carnival Corporation & plc
CARR,Carrier Global,reports,Industrials,Building Products,"Palm Beach Gardens, Florida",2020-04-03,1783180,2020 (1915),Q731912,Carrier Corporation
CTLT,Catalent,reports,Health Care,Pharmaceuticals,"Somerset, New Jersey",2020-09-21,1596783,2007,Q19866242,Catalent Pharma Solutions
CAT,Caterpillar Inc.,reports,Industrials,Construction Machinery & Heavy Trucks,"Irving, Texas",1957-03-04,18230,1925,Q459965,Caterpillar Inc.
CBOE,Cboe Global Markets,reports,Financials,Financial Exchanges & Data,"Chicago, Illinois",2017-03-01,1374310,1973,Q1071853,CBOE Global Markets Inc.
CBRE,CBRE Group,reports,Real Estate,Real Estate Services,"Dallas, Texas",2006-11-10,1138118,1906,Q1023013,CBRE Group
CDW,CDW,reports,Information Technology,Technology Distributors,"Lincolnshire, Illinois",2019-09-23,1402057,1984,Q1023155,CDW
CE,Celanese,reports,Materials,Specialty Chemicals,"Irving, Texas",2018-12-24,1306830,1918,Q547450,Celanese
CNC,Centene Corporation,reports,Health Care,Managed Health Care,"St. Louis, Missouri",2016-03-30,1071739,1984,Q5059102,Centene Corporation
CNP,CenterPoint Energy,reports,Utilities,Multi-Utilities,"Houston, Texas",1985-07-31,1130310,1882,Q1053560,CenterPoint Energy
CNP,CenterPoint Energy,reports,Utilities,Multi-Utilities,"Houston, Texas",1985-07-31,1130310,1882,Q725793,Union Pacific Railroad
CDAY,Ceridian,reports,Information Technology,Application Software,"Minneapolis, Minnesota",2021-09-20,1725057,1992,Q5064245,Ceridian
CF,CF Industries,reports,Materials,Fertilizers & Agricultural Chemicals,"Deerfield, Illinois",2008-08-27,1324404,1946,Q905806,CF Industries
CRL,Charles River Laboratories,reports,Health Care,Life Sciences Tools & Services,"Wilmington, Massachusetts",2021-05-14,1100682,1947,Q5082076,Charles River Laboratories
SCHW,Charles Schwab Corporation,reports,Financials,Investment Banking & Brokerage,"Westlake, Texas",1997-06-02,316709,1971,Q1066028,Charles Schwab Corporation
CHTR,Charter Communications,reports,Communication Services,Cable & Satellite,"Stamford, Connecticut",2016-09-08,1091667,1993,Q2961234,Charter Communications
CVX,Chevron Corporation,reports,Energy,Integrated Oil & Gas,"San Ramon, California",1957-03-04,93410,1879,Q319642,Chevron Corporation
CMG,Chipotle Mexican Grill,reports,Consumer Discretionary,Restaurants,"Newport Beach, California",2011-04-28,1058090,1993,Q465751,Chipotle Mexican Grill
CB,Chubb Limited,reports,Financials,Property & Casualty Insurance,"Zurich, Switzerland",2010-07-15,896159,1985,Q1089060,Chubb Corp.
CHD,Church & Dwight,reports,Consumer Staples,Household Products,"Ewing, New Jersey",2015-12-29,313927,1847,Q5116536,Church & Dwight
CI,Cigna,reports,Health Care,Managed Health Care,"Bloomfield, Connecticut",1976-06-30,1739940,1982,Q642271,Cigna
CINF,Cincinnati Financial,reports,Financials,Property & Casualty Insurance,"Fairfield, Ohio",1997-12-18,20286,1950,Q5120253,Cincinnati Financial
CTAS,Cintas,reports,Industrials,Diversified Support Services,"Mason, Ohio",2001-03-01,723254,1929,Q1092571,Cintas
CTAS,Cintas,reports,Industrials,Diversified Support Services,"Mason, Ohio",2001-03-01,723254,1929,Q15109928,Van Dyne Crotty
CSCO,Cisco,reports,Information Technology,Communications Equipment,"San Jose, California",1993-12-01,858877,1984,Q173395,Cisco Systems
C,Citigroup,reports,Financials,Diversified Banks,"New York City, New York",1988-05-31,831001,1998,Q219508,Citigroup
CFG,Citizens Financial Group,reports,Financials,Regional Banks,"Providence, Rhode Island",2016-01-29,759944,1828,Q5122694,Citizens Financial Group
CLX,Clorox,reports,Consumer Staples,Household Products,"Oakland, California",1969-03-31,21076,1913,Q910368,Clorox
CME,CME Group,reports,Financials,Financial Exchanges & Data,"Chicago, Illinois",2006-08-11,1156375,1848,Q1023876,CME  Europe
CMS,CMS Energy,reports,Utilities,Multi-Utilities,"Jackson, Michigan",1999-05-03,811156,1886,Q5013012,CMS Energy
KO,The Coca-Cola Company,reports,Consumer Staples,Soft Drinks,"Atlanta, Georgia",1957-03-04,21344,1886,Q3295867,The Coca-Cola Company
CTSH,Cognizant,reports,Information Technology,IT Consulting & Other Services,"Teaneck, New Jersey",2006-11-17,1058290,1994,Q1107035,Cognizant
CL,Colgate-Palmolive,reports,Consumer Staples,Household Products,"New York City, New York",1957-03-04,21665,1806,Q609466,Colgate-Palmolive Company
CMCSA,Comcast,reports,Communication Services,Cable & Satellite,"Philadelphia, Pennsylvania",2002-11-19,1166691,1963,Q1113804,Comcast
CMA,Comerica,reports,Financials,Diversified Banks,"Dallas, Texas",1995-12-01,28412,1849,Q1114148,Comerica
CAG,Conagra Brands,reports,Consumer Staples,Packaged Foods & Meats,"Chicago, Illinois",1983-08-31,23217,1919,Q1123399,"Conagra Brands, Inc."
COP,ConocoPhillips,reports,Energy,Oil & Gas Exploration & Production,"Houston, Texas",1957-03-04,1163165,2002,Q214763,ConocoPhillips
ED,Consolidated Edison,reports,Utilities,Electric Utilities,"New York City, New York",,1047862,1823,Q1127536,Consolidated Edison
STZ,Constellation Brands,reports,Consumer Staples,Distillers & Vintners,"Victor, New York",2005-07-01,16918,1945,Q1128160,Constellation Brands
CEG,Constellation Energy,reports,Utilities,Multi-Utilities,"Baltimore, Maryland",2022-02-02,1868275,1999,Q259195,Constellation Energy
COO,CooperCompanies,reports,Health Care,Health Care Supplies,"San Ramon, California",2016-09-23,711404,1958,Q1129792,The Cooper Companies
CPRT,Copart,reports,Industrials,Diversified Support Services,"Dallas, Texas",2018-07-02,900075,1982,Q16951448,Copart
GLW,Corning Inc.,reports,Information Technology,Electronic Components,"Corning, New York",,24741,1851,Q5842736,Corning Inc.
CTVA,Corteva,reports,Materials,Fertilizers & Agricultural Chemicals,"Indianapolis, Indiana",2019-06-03,1755672,2019,Q63197674,Corteva Agriscience
CSGP,CoStar Group,reports,Industrials,Research & Consulting Services,"Washington, D.C.",2022-09-19,1057352,1987,Q16988748,CoStar Group
COST,Costco,reports,Consumer Staples,Hypermarkets & Super Centers,"Issaquah, Washington",1993-10-01,909832,1976,Q715583,Costco
CTRA,Coterra,reports,Energy,Oil & Gas Exploration & Production,"Houston, Texas",2008-06-23,858470,2021 (1989),Q4035714,Coterra Energy
CCI,Crown Castle,reports,Real Estate,Specialized REITs,"Houston, Texas",2012-03-14,1051470,1994,Q5189320,Crown Castle International Corp.
CSX,CSX,reports,Industrials,Railroads,"Jacksonville, Florida",1967-09-30,277948,1980,Q1024454,CSX Corporation
CMI,Cummins,reports,Industrials,Industrial Machinery,"Columbus, Indiana",1965-03-31,26172,1919,Q173476,Cummins
CVS,CVS Health,reports,Health Care,Health Care Services,"Woonsocket, Rhode Island",1957-03-04,64803,1996,Q624375,CVS Health
DHI,D.R. Horton,reports,Consumer Discretionary,Homebuilding,"Arlington, Texas",2005-06-22,882184,1978,Q5203782,D. R. Horton
DHR,Danaher Corporation,reports,Health Care,Health Care Equipment,"Washington, D.C.",,313616,1969,Q1159256,Danaher Corporation
DRI,Darden Restaurants,reports,Consumer Discretionary,Restaurants,"Orlando, Florida",,940944,1938,Q742196,Darden Restaurants
DVA,DaVita Inc.,reports,Health Care,Health Care Facilities,"Denver, Colorado",2008-07-31,927066,1979,Q5207184,DaVita
DVA,DaVita Inc.,reports,Health Care,Health Care Facilities,"Denver, Colorado",2008-07-31,927066,1979,Q48988040,DaVita Medical Group
DE,John Deere,reports,Industrials,Agricultural & Farm Machinery,"Moline, Illinois",1957-03-04,315189,1837,Q496302,Deere & Company
DAL,Delta Air Lines,reports,Industrials,Airlines,"Atlanta, Georgia",2013-09-11,27904,1929,Q188920,Delta Air Lines
XRAY,Dentsply Sirona,reports,Health Care,Health Care Supplies,"Charlotte, North Carolina",2008-11-14,818479,2016 (1969),Q834888,Dentsply
XRAY,Dentsply Sirona,reports,Health Care,Health Care Supplies,"Charlotte, North Carolina",2008-11-14,818479,2016 (1969),Q23781052,Dentsply Sirona
DVN,Devon Energy,reports,Energy,Oil & Gas Exploration & Production,"Oklahoma City, Oklahoma",2000-08-30,1090012,1971,Q1206980,Devon Energy
DXCM,Dexcom,reports,Health Care,Health Care Equipment,"San Diego, California",2020-05-12,1093557,1999,Q15109865,Dexcom
FANG,Diamondback Energy,reports,Energy,Oil & Gas Exploration & Production,"Midland, Texas",2018-12-03,1539838,2007,Q65091423,Diamondback Energy
DLR,Digital Realty,reports,Real Estate,Specialized REITs,"Austin, Texas",2016-05-18,1297996,2004,Q5275969,Digital Realty Trust
DFS,Discover Financial,reports,Financials,Consumer Finance,"Riverwoods, Illinois",2007-07-02,1393612,1985,Q5281775,Discover Financial
DISH,Dish Network,reports,Communication Services,Cable & Satellite,"Meridian, Colorado",2017-03-13,1001082,1980,Q1199757,Dish
DIS,Disney,reports,Communication Services,Movies & Entertainment,"Burbank, California",1976-06-30,1744489,1923,Q7414,The Walt Disney Company
DG,Dollar General,reports,Consumer Discretionary,General Merchandise Stores,"Goodlettsville, Tennessee",2012-12-03,29534,1939,Q145168,Dollar General
DLTR,Dollar Tree,reports,Consumer Discretionary,General Merchandise Stores,"Chesapeake, Virginia",2011-12-19,935703,1986,Q5289230,Dollar Tree
D,Dominion Energy,reports,Utilities,Electric Utilities,"Richmond, Virginia",,715957,1983,Q677464,Dominion Energy
DPZ,Domino's,reports,Consumer Discretionary,Restaurants,"Ann Arbor, Michigan",2020-05-12,1286681,1960,Q839466,Domino’s Pizza
DOV,Dover Corporation,reports,Industrials,Industrial Machinery,"Downers Grove, Illinois",1985-10-31,29905,1955,Q16974527,Dover Corporation
DOW,Dow Inc.,reports,Materials,Commodity Chemicals,"Midland, Michigan",2019-04-01,1751788,2019,Q855639,Dow Chemical Company
DOW,Dow Inc.,reports,Materials,Commodity Chemicals,"Midland, Michigan",2019-04-01,1751788,2019,Q62739842,Dow Inc.
DTE,DTE Energy,reports,Utilities,Multi-Utilities,"Detroit, Michigan",1957-03-04,936340,1995,Q5206232,DTE Energy
DUK,Duke Energy,reports,Utilities,Electric Utilities,"Charlotte, North Carolina",1976-06-30,1326160,1904,Q1264404,Duke Energy
DD,DuPont,reports,Materials,Specialty Chemicals,"Wilmington, Delaware",2019-04-02,1666700,2017,Q221062,DuPont
DXC,DXC Technology,reports,Information Technology,IT Consulting & Other Services,"Tysons Corner, Virginia",2017-04-04,1688568,2017,Q28782856,DXC Technology
EMN,Eastman Chemical Company,reports,Materials,Diversified Chemicals,"Kingsport, Tennessee",1994-01-01,915389,1920,Q899022,Eastman Chemical Company
ETN,Eaton Corporation,reports,Industrials,Electrical Components & Equipment,"Dublin, Ireland",,1551182,1911,Q48872,Eaton Corporation
EBAY,eBay,reports,Consumer Discretionary,Internet & Direct Marketing Retail,"San Jose, California",2002-07-22,1065088,1995,Q58024,eBay
ECL,Ecolab,reports,Materials,Specialty Chemicals,"Saint Paul, Minnesota",1989-01-31,31462,1923,Q1282031,Ecolab
EIX,Edison International,reports,Utilities,Electric Utilities,"Rosemead, California",1957-03-04,827052,1886,Q662095,Edison International
EW,Edwards Lifesciences,reports,Health Care,Health Care Equipment,"Irvine, California",2011-04-01,1099800,1958,Q16966841,Edwards Lifesciences
EA,Electronic Arts,reports,Communication Services,Interactive Home Entertainment,"Redwood City, California",2002-07-22,712515,1982,Q173941,Electronic Arts
ELV,Elevance Health,reports,Health Care,Managed Health Care,"Indianapolis, Indiana",2002-07-25,1156039,2014 (1946),Q677488,"Elevance Health, Inc."
LLY,Eli Lilly and Company,reports,Health Care,Pharmaceuticals,"Indianapolis, Indiana",1970-12-31,59478,1876,Q632240,Eli Lilly and Company
EMR,Emerson Electric,reports,Industrials,Electrical Components & Equipment,"Ferguson, Missouri",1965-03-31,32604,1890,Q1335585,Emerson Electric
ENPH,Enphase,reports,Information Technology,Electronic Components,"Fremont, California",2021-01-07,1463101,2006,Q17012234,Enphase Energy
ETR,Entergy,reports,Utilities,Electric Utilities,"New Orleans, Louisiana",1957-03-04,65984,1913,Q1344587,Entergy
EOG,EOG Resources,reports,Energy,Oil & Gas Exploration & Production,"Houston, Texas",2000-11-02,821189,1999,Q1275577,EOG Resources
EPAM,EPAM Systems,reports,Information Technology,IT Consulting & Other Services,"Newtown, Pennsylvania",2021-12-14,1352010,1993,Q1275613,EPAM Systems
EQT,EQT,reports,Energy,Oil & Gas Exploration & Production,"Pittsburgh, Pennsylvania",2022-10-03,33213,1888,Q5323987,EQT
EFX,Equifax,reports,Industrials,Research & Consulting Services,"Atlanta, Georgia",1997-06-19,33185,1899,Q5384453,Equifax
EQIX,Equinix,reports,Real Estate,Specialized REITs,"Redwood City, California",2015-03-20,1101239,1998,Q851641,Equinix
EQR,Equity Residential,reports,Real Estate,Residential REITs,"Chicago, Illinois",2001-12-03,906107,1969,Q187740,Equity Residential
ESS,Essex Property Trust,reports,Real Estate,Residential REITs,"San Mateo, California",2014-04-02,920522,1971,Q27964091,"Essex Property Trust, Inc."
EL,The Estée Lauder Companies,reports,Consumer Staples,Personal Products,"New York City, New York",2006-01-05,1001250,1946,Q1260606,Estée Lauder Companies
ETSY,Etsy,reports,Consumer Discretionary,Internet & Direct Marketing Retail,"New York City, New York",2020-09-21,1370637,2005,Q1353939,Etsy
RE,Everest Re,reports,Financials,Reinsurance,"Hamilton, Bermuda",2017-06-19,1095073,1973,Q1381973,Everest Re
EVRG,Evergy,reports,Utilities,Electric Utilities,"Kansas City, Missouri",2018-06-05,1711269,1909,Q7987107,Evergy
ES,Eversource,reports,Utilities,Multi-Utilities,"Hartford, Connecticut",2009,72741,1966,Q3344199,Eversource Energy
EXC,Exelon,reports,Utilities,Multi-Utilities,"Chicago, Illinois",1957-03-04,1109357,2000,Q1383669,Exelon
EXPE,Expedia Group,reports,Consumer Discretionary,Internet & Direct Marketing Retail,"Seattle, Washington",2007-10-02,1324424,1996,Q8085893,Expedia Group
EXPD,Expeditors International,reports,Industrials,Air Freight & Logistics,"Seattle, Washington",2007-10-10,746515,1979,Q1384324,Expeditors International
EXR,Extra Space Storage,reports,Real Estate,Specialized REITs,"Salt Lake City, Utah",2016-01-19,1289490,1977,Q5422162,Extra Space Storage
XOM,ExxonMobil,reports,Energy,Integrated Oil & Gas,"Irving, Texas",1957-03-04,34088,1999,Q156238,ExxonMobil
FFIV,"F5, Inc.",reports,Information Technology,Communications Equipment,"Seattle, Washington",2010-12-20,1048695,1996,Q3029296,F5
FDS,FactSet,reports,Financials,Financial Exchanges & Data,"Norwalk, Connecticut",2021-12-20,1013237,1978,Q1885491,FactSet
FAST,Fastenal,reports,Industrials,Building Products,"Winona, Minnesota",2008-09-15,815556,1967,Q3067119,Fastenal
FRT,Federal Realty,reports,Real Estate,Retail REITs,"Rockville, Maryland",2016-02-01,34903,1962,Q27988152,Federal Realty Investment Trust
FDX,FedEx,reports,Industrials,Air Freight & Logistics,"Memphis, Tennessee",1980-12-31,1048911,1971,Q459477,FedEx
FITB,Fifth Third Bank,reports,Financials,Regional Banks,"Cincinnati, Ohio",,35527,1858,Q1411810,Fifth Third Bank
FRC,First Republic Bank,reports,Financials,Regional Banks,"San Francisco, California",2019-01-02,1132979,1985,Q5453752,First Republic Bank
FSLR,First Solar,reports,Information Technology,Semiconductors,"Tempe, Arizona",2022-12-19,1274494,1999,Q1138888,First Solar
FE,FirstEnergy,reports,Utilities,Electric Utilities,"Akron, Ohio",,1031296,1997,Q1419248,FirstEnergy
FIS,FIS,reports,Information Technology,Data Processing & Outsourced Services,"Jacksonville, Florida",2006-11-10,1136893,1968,Q1411295,Fidelity National Information Services
FISV,Fiserv,reports,Information Technology,Data Processing & Outsourced Services,"Brookfield, Wisconsin",2001-04-02,798354,1984,Q1420513,Fiserv
FLT,Fleetcor,reports,Information Technology,Data Processing & Outsourced Services,"Atlanta, Georgia",2018-06-20,1175454,2000,Q16838618,Fleetcor
FMC,FMC Corporation,reports,Materials,Fertilizers & Agricultural Chemicals,"Philadelphia, Pennsylvania",2009-08-19,37785,1883,Q899183,FMC Corporation
F,Ford Motor Company,reports,Consumer Discretionary,Automobile Manufacturers,"Dearborn, Michigan",1957-03-04,37996,1903,Q44294,Ford Motor Company
FTNT,Fortinet,reports,Information Technology,Systems Software,"Sunnyvale, California",2018-10-11,1262039,2000,Q2749364,Fortinet
FTV,Fortive,reports,Industrials,Industrial Machinery,"Everett, Washington",2016-07-01,1659166,2016,Q27919383,Fortive
FOXA,Fox Corporation (Class A),reports,Communication Services,Movies & Entertainment,"New York City, New York",2013-07-01,1754301,2019,Q5476713,21st Century Fox
FOXA,Fox Corporation (Class A),reports,Communication Services,Movies & Entertainment,"New York City, New York",2013-07-01,1754301,2019,Q60238941,Fox Corporation
FOX,Fox Corporation (Class B),reports,Communication Services,Movies & Entertainment,"New York City, New York",2015-09-18,1754301,2019,Q5476713,21st Century Fox
FOX,Fox Corporation (Class B),reports,Communication Services,Movies & Entertainment,"New York City, New York",2015-09-18,1754301,2019,Q60238941,Fox Corporation
BEN,Franklin Templeton,reports,Financials,Asset Management & Custody Banks,"San Mateo, California",,38777,1947,Q744683,Franklin Templeton Investments
FCX,Freeport-McMoRan,reports,Materials,Copper,"Phoenix, Arizona",,831259,1912,Q1453620,Freeport-McMoRan
GRMN,Garmin,reports,Consumer Discretionary,Consumer Electronics,"Schaffhausen, Switzerland",2012-12-12,1121788,1989,Q658789,Garmin
IT,Gartner,reports,Information Technology,IT Consulting & Other Services,"Stamford, Connecticut",2017-04-05,749251,1979,Q174198,Gartner
GNRC,Generac,reports,Industrials,Electrical Components & Equipment,"Waukesha, Wisconsin",2021-03-22,1474735,1959,Q5531627,Generac Holdings Inc.
GD,General Dynamics,reports,Industrials,Aerospace & Defense,"Falls Church, Virginia",1957-03-04,40533,1899,Q502940,General Dynamics
GE,General Electric,reports,Industrials,Industrial Conglomerates,"Boston, Massachusetts",,40545,1892,Q54173,General Electric
GIS,General Mills,reports,Consumer Staples,Packaged Foods & Meats,"Golden Valley, Minnesota",1969-03-31,40704,1856,Q629998,General Mills
GM,General Motors,reports,Consumer Discretionary,Automobile Manufacturers,"Detroit, Michigan",2013-06-06,1467858,1908,Q81965,General Motors
GPC,Genuine Parts Company,reports,Consumer Discretionary,Specialty Stores,"Atlanta, Georgia",1973-12-31,40987,1925,Q5533818,Genuine Parts Company
GILD,Gilead Sciences,reports,Health Care,Biotechnology,"Foster City, California",2004-07-01,882095,1987,Q663596,Gilead Sciences
GL,Globe Life,reports,Financials,Life & Health Insurance,"McKinney, Texas",1989-04-30,320335,1900,Q5570993,Globe Life
GL,Globe Life,reports,Financials,Life & Health Insurance,"McKinney, Texas",1989-04-30,320335,1900,Q7825574,Torchmark
GPN,Global Payments,reports,Information Technology,Data Processing & Outsourced Services,"Atlanta, Georgia",2016-04-25,1123360,2000,Q5570544,Global Payments
GS,Goldman Sachs,reports,Financials,Investment Banking & Brokerage,"New York City, New York",2002-07-22,886982,1869,Q193326,Goldman Sachs & Co. (US)
HAL,Halliburton,reports,Energy,Oil & Gas Equipment & Services,"Houston, Texas",1957-03-04,45012,1919,Q656165,Halliburton
HIG,Hartford (The),reports,Financials,Property & Casualty Insurance,"Hartford, Connecticut",1957-03-04,874766,1810,Q444110,The Hartford
HAS,Hasbro,reports,Consumer Discretionary,Leisure Products,"Pawtucket, Rhode Island",1984-09-30,46080,1923,Q501476,Hasbro
HCA,HCA Healthcare,reports,Health Care,Health Care Facilities,"Nashville, Tennessee",2015-01-27,860730,1968,Q1630431,HCA Corporation
PEAK,Healthpeak,reports,Real Estate,Health Care REITs,"Long Beach, California",2008-03-31,765880,1985,Q16975567,Healthpeak Properties
HSIC,Henry Schein,reports,Health Care,Health Care Distributors,"Melville, New York",2015-03-17,1000228,1932,Q905086,Henry Schein
HSY,Hershey's,reports,Consumer Staples,Packaged Foods & Meats,"Hershey, Pennsylvania",1957-03-04,47111,1894,Q1056637,The Hershey Company
HES,Hess Corporation,reports,Energy,Integrated Oil & Gas,"New York City, New York",1984-05-31,4447,1919,Q1615684,Hess Corporation
HPE,Hewlett Packard Enterprise,reports,Information Technology,"Technology Hardware, Storage & Peripherals","Houston, Texas",2015-11-02,1645590,2015,Q19923099,Hewlett Packard Enterprise
HLT,Hilton Worldwide,reports,Consumer Discretionary,"Hotels, Resorts & Cruise Lines","Tysons Corner, Virginia",2017-06-19,1585689,1919,Q1057464,Hilton Worldwide
HOLX,Hologic,reports,Health Care,Health Care Equipment,"Marlborough, Massachusetts",2016-03-30,859737,1985,Q5884072,Hologic
HD,Home Depot (The),reports,Consumer Discretionary,Home Improvement Retail,"Atlanta, Georgia",1988-03-31,354950,1978,Q864407,The Home Depot
HON,Honeywell,reports,Industrials,Industrial Conglomerates,"Charlotte, North Carolina",1964-03-31,773840,1906,Q898208,"Honeywell International, Inc."
HRL,Hormel Foods,reports,Consumer Staples,Packaged Foods & Meats,"Austin, Minnesota",2009-03-04,48465,1891,Q1454852,Hormel
HST,Host Hotels & Resorts,reports,Real Estate,Hotel & Resort REITs,"Bethesda, Maryland",2007-03-20,1070750,1993,Q1630559,Host Hotels & Resorts
HWM,Howmet Aerospace,reports,Industrials,Aerospace & Defense,"Pittsburgh, Pennsylvania",1964-03-31,4281,2016,Q25104597,Howmet Aerospace
HPQ,HP Inc.,reports,Information Technology,"Technology Hardware, Storage & Peripherals","Palo Alto, California",1974-12-31,47217,1939 (2015),Q80978,Hewlett-Packard
HPQ,HP Inc.,reports,Information Technology,"Technology Hardware, Storage & Peripherals","Palo Alto, California",1974-12-31,47217,1939 (2015),Q21404084,HP Inc.
HUM,Humana,reports,Health Care,Managed Health Care,"Louisville, Kentucky",,49071,1961,Q910866,Humana
HBAN,Huntington Bancshares,reports,Financials,Regional Banks,"Columbus, Ohio; Detroit, Michigan",,49196,1866,Q798819,Huntington Bank
HII,Huntington Ingalls Industries,reports,Industrials,Aerospace & Defense,"Newport News, Virginia",2018-01-03,1501585,2011,Q7257522,Huntington Ingalls Industries
IBM,IBM,reports,Information Technology,IT Consulting & Other Services,"Armonk, New York",1957-03-04,51143,1911,Q37156,IBM
IEX,IDEX Corporation,reports,Industrials,Industrial Machinery,"Lake Forest, Illinois",2019-08-09,832101,1988,Q5970002,IDEX Corporation
IDXX,Idexx Laboratories,reports,Health Care,Health Care Equipment,"Westbrook, Maine",2017-01-05,874716,1983,Q1758392,"IDEXX Laboratories, Inc."
ITW,Illinois Tool Works,reports,Industrials,Industrial Machinery,"Glenview, Illinois",1986-02-28,49826,1912,Q1510378,Illinois Tool Works
ILMN,Illumina,reports,Health Care,Life Sciences Tools & Services,"San Diego, California",2015-11-19,1110803,1998,Q2068984,Illumina
INCY,Incyte,reports,Health Care,Biotechnology,"Wilmington, Delaware",2017-02-28,879169,1991,Q6015591,Incyte
IR,Ingersoll Rand,reports,Industrials,Industrial Machinery,"Davidson, North Carolina",2020-03-03,1699150,1859,Q1494132,Ingersoll Rand
INTC,Intel,reports,Information Technology,Semiconductors,"Santa Clara, California",1976-12-31,50863,1968,Q248,Intel
ICE,Intercontinental Exchange,reports,Financials,Financial Exchanges & Data,"Atlanta, Georgia",2007-09-26,1571949,2000,Q841458,Intercontinental Exchange
IP,International Paper,reports,Materials,Paper Packaging,"Memphis, Tennessee",1957-03-04,51434,1898,Q202972,International Paper
IPG,The Interpublic Group of Companies,reports,Communication Services,Advertising,"New York City, New York",1992-10-01,51644,1961 (1930),Q1501630,Interpublic Group of Companies
IFF,International Flavors & Fragrances,reports,Materials,Specialty Chemicals,"New York City, New York",1976-03-31,51253,1958 (1889),Q1666568,International Flavors & Fragrances
INTU,Intuit,reports,Information Technology,Application Software,"Mountain View, California",2000-12-05,896878,1983,Q1318848,Intuit
ISRG,Intuitive Surgical,reports,Health Care,Health Care Equipment,"Sunnyvale, California",2008-06-02,1035267,1995,Q2743863,Intuitive Surgical
IVZ,Invesco,reports,Financials,Asset Management & Custody Banks,"Atlanta, Georgia",2008-08-21,914208,1935,Q522617,Invesco
INVH,Invitation Homes,reports,Real Estate,Residential REITs,"Dallas, Texas",2022-09-19,1687229,2012,Q85769855,Invitation Homes
IQV,IQVIA,reports,Health Care,Life Sciences Tools & Services,"Durham, North Carolina",2017-08-29,1478242,1982,Q305473,IQVIA
IRM,Iron Mountain,reports,Real Estate,Specialized REITs,"Boston, Massachusetts",2009-01-06,1020569,1951,Q1673079,Iron Mountain Incorporated
JBHT,J.B. Hunt,reports,Industrials,Trucking,"Lowell, Arkansas",2015-07-01,728535,1961,Q4041705,J. B. Hunt
JKHY,Jack Henry & Associates,reports,Information Technology,Data Processing & Outsourced Services,"Monett, Missouri",2018-11-13,779152,1976,Q6113060,Jack Henry & Associates
J,Jacobs Solutions,reports,Industrials,Construction & Engineering,"Dallas, Texas",2007-10-26,52988,1947,Q3157622,Jacobs Engineering Group
JNJ,Johnson & Johnson,reports,Health Care,Pharmaceuticals,"New Brunswick, New Jersey",1973-06-30,200406,1886,Q333718,Johnson & Johnson
JCI,Johnson Controls,reports,Industrials,Building Products,"Cork, Ireland",2010-08-27,833444,1885,Q667865,Johnson Controls
JPM,JPMorgan Chase,reports,Financials,Diversified Banks,"New York City, New York",1975-06-30,19617,2000 (1799 / 1871),Q192314,JPMorgan Chase
JNPR,Juniper Networks,reports,Information Technology,Communications Equipment,"Sunnyvale, California",2006-06-02,1043604,1996,Q1049080,Juniper Networks
K,Kellogg's,reports,Consumer Staples,Packaged Foods & Meats,"Battle Creek, Michigan",1989-09-11,55067,1906,Q856897,Kellogg's
KEY,KeyCorp,reports,Financials,Regional Banks,"Cleveland, Ohio",1994-03-01,91576,1825,Q1740314,KeyBank
KEYS,Keysight,reports,Information Technology,Electronic Equipment & Instruments,"Santa Rosa, California",2018-11-06,1601046,2014 (1939),Q17551096,Keysight Technologies
KMB,Kimberly-Clark,reports,Consumer Staples,Household Products,"Irving, Texas",1957-03-04,55785,1872,Q1741634,Kimberly-Clark
KIM,Kimco Realty,reports,Real Estate,Retail REITs,"New Hyde Park, New York",2006-04-04,879101,1958,Q6410043,Kimco Realty
KMI,Kinder Morgan,reports,Energy,Oil & Gas Storage & Transportation,"Houston, Texas",2012-05-25,1506307,1997,Q931032,Kinder Morgan
KLAC,KLA Corporation,reports,Information Technology,Semiconductor Equipment,"Milpitas, California",,319201,1975/1977 (1997),Q624649,KLA Tencor
KHC,Kraft Heinz,reports,Consumer Staples,Packaged Foods & Meats,"Chicago, Illinois; Pittsburgh, Pennsylvania",2015-07-06,1637459,2015 (1869),Q19681433,Kraft Heinz
KR,Kroger,reports,Consumer Staples,Food Retail,"Cincinnati, Ohio",1957-03-04,56873,1883,Q153417,Kroger
LHX,L3Harris,reports,Industrials,Aerospace & Defense,"Melbourne, Florida",2008-09-22,202058,2019 (1895),Q65053147,L3Harris Technologies
LH,LabCorp,reports,Health Care,Health Care Services,"Burlington, North Carolina",2004-11-01,920148,1978,Q6466630,LabCorp
LRCX,Lam Research,reports,Information Technology,Semiconductor Equipment,"Fremont, California",2012-06-29,707549,1980,Q1342041,Lam Research
LW,Lamb Weston,reports,Consumer Staples,Packaged Foods & Meats,"Eagle, Idaho",2018-12-03,1679273,2016 (1950),Q3216600,Lamb Weston
LVS,Las Vegas Sands,reports,Consumer Discretionary,Casinos & Gaming,"Las Vegas, Nevada",2019-10-03,1300514,1988,Q1506045,Las Vegas Sands
LDOS,Leidos,reports,Industrials,Diversified Support Services,"Reston, Virginia",2019-08-09,1336920,1969,Q502132,Leidos
LEN,Lennar,reports,Consumer Discretionary,Homebuilding,"Miami, Florida",2005-10-04,920760,1954,Q16981175,Lennar Corporation
LNC,Lincoln Financial,reports,Financials,Multi-line Insurance,"Radnor, Pennsylvania",1976-06-30,59558,1905,Q1825763,Lincoln National Corporation
LIN,Linde plc,reports,Materials,Industrial Gases,"Guildford, United Kingdom",1992-07-01,1707925,1879,Q682759,Linde Group
LYV,Live Nation Entertainment,reports,Communication Services,Movies & Entertainment,"Beverly Hills, California",2019-12-23,1335258,2010,Q1061903,Live Nation Entertainment
LKQ,LKQ Corporation,reports,Consumer Discretionary,Distributors,"Chicago, Illinois",2016-05-23,1065696,1998,Q20711490,LKQ Corporation
LMT,Lockheed Martin,reports,Industrials,Aerospace & Defense,"Bethesda, Maryland",1984-07-31,936468,1995,Q7240,Lockheed Martin
L,Loews Corporation,reports,Financials,Multi-line Insurance,"New York City, New York",,60086,1959,Q826526,Loews Corporation
LOW,Lowe's,reports,Consumer Discretionary,Home Improvement Retail,"Mooresville, North Carolina",1984-02-29,60667,1904/1946/1959,Q1373493,Lowe's
LUMN,Lumen Technologies,reports,Communication Services,Alternative Carriers,"Monroe, Louisiana",1999-03-25,18926,1983 (1877),Q5063092,Lumen Technologies
LYB,LyondellBasell,reports,Materials,Specialty Chemicals,"Rotterdam, Netherlands",2012-09-05,1489393,2007,Q899255,LyondellBasell
MTB,M&T Bank,reports,Financials,Regional Banks,"Buffalo, New York",2004-02-23,36270,1856,Q3272257,M&T Bank
MRO,Marathon Oil,reports,Energy,Oil & Gas Exploration & Production,"Houston, Texas",1991-05-01,101778,1887,Q1577587,Marathon Oil
MPC,Marathon Petroleum,reports,Energy,Oil & Gas Refining & Marketing,"Findlay, Ohio",2011-07-01,1510295,2009 (1887),Q458363,Marathon Petroleum
MKTX,MarketAxess,reports,Financials,Financial Exchanges & Data,"New York City, New York",2019-07-01,1278021,2000,Q55622230,MarketAxess
MAR,Marriott International,reports,Consumer Discretionary,"Hotels, Resorts & Cruise Lines","Bethesda, Maryland",,1048286,1927,Q1141173,Marriott International
MMC,Marsh McLennan,reports,Financials,Insurance Brokers,"New York City, New York",1987-08-31,62709,1905,Q1786345,Marsh & McLennan Companies
MLM,Martin Marietta Materials,reports,Materials,Construction Materials,"Raleigh, North Carolina",2014-07-02,916076,1993,Q6776123,Martin Marietta Materials
MAS,Masco,reports,Industrials,Building Products,"Livonia, Michigan",1981-06-30,62996,1929,Q6782872,Masco
MA,Mastercard,reports,Information Technology,Data Processing & Outsourced Services,"Harrison, New York",2008-07-18,1141391,1966,Q489921,Mastercard
MKC,McCormick & Company,reports,Consumer Staples,Packaged Foods & Meats,"Hunt Valley, Maryland",2003-03-20,63754,1889,Q1915049,McCormick & Company
MCD,McDonald's,reports,Consumer Discretionary,Restaurants,"Chicago, Illinois",1970-06-30,63908,1940,Q38076,McDonald’s
MCK,McKesson,reports,Health Care,Health Care Distributors,"Irving, Texas",,927653,1833,Q570473,McKesson Corporation
MDT,Medtronic,reports,Health Care,Health Care Equipment,"Dublin, Ireland",1986-10-31,1613103,1949,Q642189,Medtronic plc
MRK,Merck & Co.,reports,Health Care,Pharmaceuticals,"Kenilworth, New Jersey",1957-03-04,310158,1891,Q247489,Merck & Co.
META,Meta Platforms,reports,Communication Services,Interactive Media & Services,"Menlo Park, California",2013-12-23,1326801,2004,Q380,Meta Platforms
MET,MetLife,reports,Financials,Life & Health Insurance,"New York City, New York",,1099219,1868,Q607131,MetLife
MTD,Mettler Toledo,reports,Health Care,Life Sciences Tools & Services,"Columbus, Ohio",2016-09-06,1037646,1945,Q680186,Mettler Toledo
MGM,MGM Resorts,reports,Consumer Discretionary,Casinos & Gaming,"Paradise, Nevada",2017-07-26,789570,1986,Q568532,MGM Resorts International
MCHP,Microchip Technology,reports,Information Technology,Semiconductors,"Chandler, Arizona",2007-09-07,827054,1989,Q1545076,GARANT
MU,Micron Technology,reports,Information Technology,Semiconductors,"Boise, Idaho",1994-09-27,723125,1978,Q1197548,Micron Technology
MSFT,Microsoft,reports,Information Technology,Systems Software,"Redmond, Washington",1994-06-01,789019,1975,Q2283,Microsoft
MAA,Mid-America Apartment Communities,reports,Real Estate,Residential REITs,"Memphis, Tennessee",2016-12-02,912595,1977,Q27988239,Mid-America Apartments
MRNA,Moderna,reports,Health Care,Biotechnology,"Cambridge, Massachusetts",2021-07-21,1682852,2010,Q17081612,Moderna
MHK,Mohawk Industries,reports,Consumer Discretionary,Home Furnishings,"Calhoun, Georgia",2013-12-23,851968,1878,Q6893780,Mohawk Industries
MOH,Molina Healthcare,reports,Health Care,Managed Health Care,"Long Beach, California",2022-03-02,1179929,1980,Q6896175,Molina Healthcare
TAP,Molson Coors Beverage Company,reports,Consumer Staples,Brewers,"Chicago, Illinois",1976-06-30,24545,"2005 (Molson 1786, Coors 1873)",Q3319685,Molson Coors Brewing Company
MDLZ,Mondelez International,reports,Consumer Staples,Packaged Foods & Meats,"Chicago, Illinois",2012-10-02,1103982,2012,Q12857502,Mondelez International
MPWR,Monolithic Power Systems,reports,Information Technology,Semiconductors,"Kirkland, Washington",2021-02-12,1280452,1997,Q22058448,"Monolithic Power Systems, Inc."
MNST,Monster Beverage,reports,Consumer Staples,Soft Drinks,"Corona, California",2012-06-28,865752,2012 (1935),Q1945295,Monster Beverage
MCO,Moody's Corporation,reports,Financials,Financial Exchanges & Data,"New York City, New York",,1059556,1909,Q675585,Moody's Corporation
MS,Morgan Stanley,reports,Financials,Investment Banking & Brokerage,"New York City, New York",,895421,1935,Q334204,Morgan Stanley
MOS,The Mosaic Company,reports,Materials,Fertilizers & Agricultural Chemicals,"Tampa, Florida",2011-09-26,1285785,2004 (1865 / 1909),Q7752327,The Mosaic Company
MSI,Motorola Solutions,reports,Information Technology,Communications Equipment,"Chicago, Illinois",,68505,1928 (2011),Q634815,Motorola Solutions
MSI,Motorola Solutions,reports,Information Technology,Communications Equipment,"Chicago, Illinois",,68505,1928 (2011),Q259011,Motorola
MSCI,MSCI,reports,Financials,Financial Exchanges & Data,"New York City, New York",2018-04-04,1408198,1969,Q768773,MSCI
NDAQ,"Nasdaq, Inc.",reports,Financials,Financial Exchanges & Data,"New York City, New York",2008-10-22,1120193,1971,Q1472929,"Nasdaq, Inc."
NTAP,NetApp,reports,Information Technology,"Technology Hardware, Storage & Peripherals","San Jose, California",1999-06-25,1002047,1992,Q727883,NetApp
NFLX,Netflix,reports,Communication Services,Movies & Entertainment,"Los Gatos, California",2010-12-20,1065280,1997,Q907311,Netflix
NWL,Newell Brands,reports,Consumer Discretionary,Housewares & Specialties,"Atlanta, Georgia",1989-04-30,814453,1903,Q667599,Newell Brands
NEM,Newmont,reports,Materials,Gold,"Denver, Colorado",1969-06-30,1164727,1921,Q1785405,Newmont Mining Corporation
NWSA,News Corp (Class A),reports,Communication Services,Publishing,"New York City, New York",2013-08-01,1564708,2013 (1980),Q185278,News Corporation
NWSA,News Corp (Class A),reports,Communication Services,Publishing,"New York City, New York",2013-08-01,1564708,2013 (1980),Q14289857,News Corp
NWS,News Corp (Class B),reports,Communication Services,Publishing,"New York City, New York",2015-09-18,1564708,2013 (1980),Q185278,News Corporation
NWS,News Corp (Class B),reports,Communication Services,Publishing,"New York City, New York",2015-09-18,1564708,2013 (1980),Q14289857,News Corp
NEE,NextEra Energy,reports,Utilities,Multi-Utilities,"Juno Beach, Florida",1976-06-30,753308,1984 (1925),Q967868,NextEra Energy
NKE,"Nike, Inc.",reports,Consumer Discretionary,"Apparel, Accessories & Luxury Goods","Washington County, Oregon",1988-11-30,320187,1964,Q483915,Nike
NI,NiSource,reports,Utilities,Multi-Utilities,"Merrillville, Indiana",,1111711,1912,Q1984481,NiSource
NDSN,Nordson Corporation,reports,Industrials,Industrial Machinery,"Westlake, Ohio",2022-02-15,72331,1935,Q1998662,Nordson Corporation
NSC,Norfolk Southern Railway,reports,Industrials,Railroads,"Atlanta, Georgia",1957-03-04,702165,1881/1894 (1980),Q1321054,Norfolk Southern Railway
NSC,Norfolk Southern Railway,reports,Industrials,Railroads,"Atlanta, Georgia",1957-03-04,702165,1881/1894 (1980),Q20858163,Norfolk Southern Corporation
NTRS,Northern Trust,reports,Financials,Asset Management & Custody Banks,"Chicago, Illinois",,73124,1889,Q970695,Northern Trust
NOC,Northrop Grumman,reports,Industrials,Aerospace & Defense,"West Falls Church, Virginia",1985-06-30,1133421,"1994 (Northrop 1939, Grumman 1930)",Q329953,Northrop Grumman
NOC,Northrop Grumman,reports,Industrials,Aerospace & Defense,"West Falls Church, Virginia",1985-06-30,1133421,"1994 (Northrop 1939, Grumman 1930)",Q4045482,Northrop Grumman Ship Systems
NCLH,Norwegian Cruise Line Holdings,reports,Consumer Discretionary,"Hotels, Resorts & Cruise Lines","Miami, Florida",2017-10-13,1513761,2011 (1966),Q130309,Norwegian Cruise Line
NCLH,Norwegian Cruise Line Holdings,reports,Consumer Discretionary,"Hotels, Resorts & Cruise Lines","Miami, Florida",2017-10-13,1513761,2011 (1966),Q60767471,Norwegian Cruise Line Holdings
NRG,NRG Energy,reports,Utilities,Independent Power Producers & Energy Traders,"Houston, Texas",2010-01-29,1013871,1992,Q6955139,NRG Energy
NUE,Nucor,reports,Materials,Steel,"Charlotte, North Carolina",1985-04-30,73309,1940,Q1645081,Nucor
NVDA,Nvidia,reports,Information Technology,Semiconductors,"Santa Clara, California",2001-11-30,1045810,1993,Q182477,Nvidia
NVR,"NVR, Inc.",reports,Consumer Discretionary,Homebuilding,"Reston, Virginia",2019-09-26,906163,1980,Q6955706,"NVR, Inc."
NXPI,NXP Semiconductors,reports,Information Technology,Semiconductors,"Eindhoven, Netherlands",2021-03-22,1413447,1953,Q1155668,NXP Semiconductors
ORLY,O'Reilly Auto Parts,reports,Consumer Discretionary,Specialty Stores,"Springfield, Missouri",2009-03-27,898173,1957,Q7071951,O'Reilly Auto Parts
OXY,Occidental Petroleum,reports,Energy,Oil & Gas Exploration & Production,"Houston, Texas",1982-12-31,797468,1920,Q2013357,Occidental Petroleum
ODFL,Old Dominion,reports,Industrials,Trucking,"Thomasville, North Carolina",2019-12-09,878927,1934,Q7083862,Old Dominion Freight Line
OMC,Omnicom Group,reports,Communication Services,Advertising,"New York City, New York",,29989,1986,Q1519267,Omnicom Group
ON,ON Semiconductor,reports,Information Technology,Semiconductors,"Phoenix, Arizona",2022-06-21,1097864,1999,Q1671509,ON Semiconductor
OKE,ONEOK,reports,Energy,Oil & Gas Storage & Transportation,"Tulsa, Oklahoma",2010-03-15,1039684,1906,Q11074156,ONEOK
ORCL,Oracle Corporation,reports,Information Technology,Application Software,"Austin, Texas",1989-08-31,1341439,1977,Q19900,Oracle
OGN,Organon & Co.,reports,Health Care,Pharmaceuticals,"Jersey City, New Jersey",2021-06-03,1821825,2021,Q903372,Organon & Co.
OTIS,Otis Worldwide,reports,Industrials,Industrial Machinery,"Farmington, Connecticut",2020-04-03,1781335,2020 (1853),Q1134069,Otis Worldwide Corporation
PCAR,Paccar,reports,Industrials,Construction Machinery & Heavy Trucks,"Bellevue, Washington",1980-12-31,75362,1905,Q1477661,PACCAR
PKG,Packaging Corporation of America,reports,Materials,Paper Packaging,"Lake Forest, Illinois",2017-07-26,75677,1959,Q16983334,Packaging Corporation of America
PARA,Paramount Global,reports,Communication Services,Movies & Entertainment,"New York City, New York",,813828,2019 (1952),Q76846862,Paramount Global
PH,Parker Hannifin,reports,Industrials,Industrial Machinery,"Cleveland, Ohio",1985-11-30,76334,1917,Q1470619,Parker Hannifin
PAYX,Paychex,reports,Information Technology,Data Processing & Outsourced Services,"Penfield, New York",,723531,1971,Q946080,Paychex
PAYC,Paycom,reports,Information Technology,Application Software,"Oklahoma City, Oklahoma",2020-01-28,1590955,1998,Q17084959,Paycom
PYPL,PayPal,reports,Information Technology,Data Processing & Outsourced Services,"San Jose, California",2015-07-20,1633917,1998,Q483959,PayPal
PNR,Pentair,reports,Industrials,Industrial Machinery,"Worsley, United Kingdom",2012-10-01,77360,1966,Q7165001,Pentair
PEP,PepsiCo,reports,Consumer Staples,Soft Drinks,"Purchase, New York",1957-03-04,77476,1898,Q334800,PepsiCo
PKI,PerkinElmer,reports,Health Care,Health Care Equipment,"Waltham, Massachusetts",1985-05-31,31791,1937,Q2066858,PerkinElmer
PFE,Pfizer,reports,Health Care,Pharmaceuticals,"New York City, New York",1957-03-04,78003,1849,Q206921,Pfizer
PCG,PG&E Corporation,reports,Utilities,Multi-Utilities,"San Francisco, California",2022-10-03,1004980,1905,Q1815011,Pacific Gas and Electric Company
PM,Philip Morris International,reports,Consumer Staples,Tobacco,"New York City, New York",2008-03-31,1413329,2008 (1847),Q1852556,Philip Morris International
PSX,Phillips 66,reports,Energy,Oil & Gas Refining & Marketing,"Houston, Texas",2012-05-01,1534701,2012 (1917),Q1656230,Phillips 66
PNW,Pinnacle West,reports,Utilities,Multi-Utilities,"Phoenix, Arizona",,764622,1985,Q26110522,Pinnacle West Capital Corporation
PXD,Pioneer Natural Resources,reports,Energy,Oil & Gas Exploration & Production,"Irving, Texas",2008-09-24,1038357,1997,Q4046987,Pioneer Natural Resources
PNC,PNC Financial Services,reports,Financials,Regional Banks,"Pittsburgh, Pennsylvania",1988-04-30,713676,1845,Q38928,PNC Financial Services
POOL,Pool Corporation,reports,Consumer Discretionary,Distributors,"Covington, Louisiana",2020-10-07,945841,1993,Q101209811,Pool Corporation
PPG,PPG Industries,reports,Materials,Specialty Chemicals,"Pittsburgh, Pennsylvania",1957-03-04,79879,1883,Q48754,PPG Industries
PPL,PPL Corporation,reports,Utilities,Electric Utilities,"Allentown, Pennsylvania",,922224,1920,Q2044512,PPL
PFG,Principal Financial Group,reports,Financials,Life & Health Insurance,"Des Moines, Iowa",2002-07-22,1126328,1879,Q3403513,Principal Financial Group
PG,Procter & Gamble,reports,Consumer Staples,Personal Products,"Cincinnati, Ohio",1957-03-04,80424,1837,Q212405,Procter & Gamble
PGR,Progressive Corporation,reports,Financials,Property & Casualty Insurance,"Mayfield Village, Ohio",1997-08-04,80661,1937,Q7248721,Progressive Corporation
PLD,Prologis,reports,Real Estate,Industrial REITs,"San Francisco, California",2003-07-17,1045609,1983,Q16983765,Prologis
PRU,Prudential Financial,reports,Financials,Life & Health Insurance,"Newark, New Jersey",2002-07-22,1137774,1875,Q2114414,Prudential Financial
PEG,Public Service Enterprise Group,reports,Utilities,Electric Utilities,"Newark, New Jersey",1957-03-04,788784,1903,Q930919,Public Service Enterprise Group
PTC,PTC,reports,Information Technology,Application Software,"Boston, Massachusetts",2021-04-20,857005,1985,Q1760641,Parametric Technology Corporation
PSA,Public Storage,reports,Real Estate,Specialized REITs,"Glendale, California",2005-08-19,1393311,1972,Q1156045,Public Storage
PHM,PulteGroup,reports,Consumer Discretionary,Homebuilding,"Atlanta, Georgia",1984-04-30,822416,1956,Q7259716,PulteGroup
QRVO,Qorvo,reports,Information Technology,Semiconductors,"Greensboro, North Carolina",2015-06-11,1604778,2015,Q18169198,Qorvo
PWR,Quanta Services,reports,Industrials,Construction & Engineering,"Houston, Texas",2009-07-01,1050915,1997,Q7268886,Quanta Services
QCOM,Qualcomm,reports,Information Technology,Semiconductors,"San Diego, California",,804328,1985,Q544847,Qualcomm Inc.
DGX,Quest Diagnostics,reports,Health Care,Health Care Services,"Secaucus, New Jersey",2002-12-12,1022079,1967,Q7271456,Quest Diagnostics
RL,Ralph Lauren Corporation,reports,Consumer Discretionary,"Apparel, Accessories & Luxury Goods","New York City, New York",2007-02-02,1037038,1967,Q1641437,Ralph Lauren Corporation
RJF,Raymond James,reports,Financials,Investment Banking & Brokerage,"St. Petersburg, Florida",2017-03-20,720005,1962,Q7298901,Raymond James Financial
RTX,Raytheon Technologies,reports,Industrials,Aerospace & Defense,"Waltham, Massachusetts",,101829,1922,Q89368734,Raytheon Technologies Corporation
O,Realty Income,reports,Real Estate,Retail REITs,"San Diego, California",2015-04-07,726728,1969,Q7301386,Realty Income Corporation
REG,Regency Centers,reports,Real Estate,Retail REITs,"Jacksonville, Florida",2017-03-02,910606,1963,Q7308000,Regency Centers
REGN,Regeneron,reports,Health Care,Biotechnology,"Tarrytown, New York",2013-05-01,872589,1988,Q7308054,Regeneron Pharmaceuticals
RF,Regions Financial Corporation,reports,Financials,Regional Banks,"Birmingham, Alabama",1998-08-28,1281761,1971,Q917131,Regions Financial Corporation
RSG,Republic Services,reports,Industrials,Environmental & Facilities Services,"Phoenix, Arizona",2008-12-05,1060391,1998 (1981),Q7314415,Republic Services
RMD,ResMed,reports,Health Care,Health Care Equipment,"San Diego, California",2017-07-26,943819,1989,Q7314903,ResMed
RHI,Robert Half,reports,Industrials,Human Resource & Employment Services,"Menlo Park, California",2000-12-05,315213,1948,Q2157448,Robert Half
ROK,Rockwell Automation,reports,Industrials,Electrical Components & Equipment,"Milwaukee, Wisconsin",,1024478,1903,Q1529234,Rockwell Automation
ROK,Rockwell Automation,reports,Industrials,Electrical Components & Equipment,"Milwaukee, Wisconsin",,1024478,1903,Q1348664,Rockwell International
ROL,"Rollins, Inc.",reports,Industrials,Environmental & Facilities Services,"Atlanta, Georgia",2018-10-01,84839,1948,Q7361273,Rollins Inc.
ROP,Roper Technologies,reports,Information Technology,Electronic Equipment & Instruments,"Sarasota, Florida",2009-12-23,882835,1981,Q16932392,Roper Technologies
ROST,Ross Stores,reports,Consumer Discretionary,Apparel Retail,"Dublin, California",2009-12-21,745732,1982,Q3442791,Ross Stores
RCL,Royal Caribbean Group,reports,Consumer Discretionary,"Hotels, Resorts & Cruise Lines","Miami, Florida",2014-12-05,884887,1997,Q427881,Royal Caribbean Group
SPGI,S&P Global,reports,Financials,Financial Exchanges & Data,"New York City, New York",,64040,1917,Q868587,S&P Global
CRM,Salesforce,reports,Information Technology,Application Software,"San Francisco, California",2008-09-15,1108524,1999,Q941127,Salesforce
SBAC,SBA Communications,reports,Real Estate,Specialized REITs,"Boca Raton, Florida",2017-09-01,1034054,1989,Q7388926,SBA Communications
SLB,Schlumberger,reports,Energy,Oil & Gas Equipment & Services,"Curaçao, Kingdom of the Netherlands",1965-03-31,87347,1926,Q1425316,Schlumberger
STX,Seagate Technology,reports,Information Technology,"Technology Hardware, Storage & Peripherals","Dublin, Ireland",2012-07-02,1137789,1979,Q705392,Seagate Technology
SEE,Sealed Air,reports,Materials,Paper Packaging,"Charlotte, North Carolina",1957-03-04,1012100,1960,Q7440621,Sealed Air
SRE,Sempra Energy,reports,Utilities,Multi-Utilities,"San Diego, California",,1032208,1998,Q7449804,Sempra
NOW,ServiceNow,reports,Information Technology,Systems Software,"Santa Clara, California",2019-11-21,1373715,2003,Q7455653,ServiceNow
SHW,Sherwin-Williams,reports,Materials,Specialty Chemicals,"Cleveland, Ohio",1964-06-30,89800,1866,Q48881,Sherwin-Williams
SBNY,Signature Bank,reports,Financials,Regional Banks,"New York City, New York",2021-12-20,1288784,2001,Q24204571,Signature Bank
SPG,Simon Property Group,reports,Real Estate,Retail REITs,"Indianapolis, Indiana",2002-06-26,1063761,2003,Q2287759,Simon Property Group
SWKS,Skyworks Solutions,reports,Information Technology,Semiconductors,"Irvine, California",2015-03-12,4127,2002,Q7538146,Skyworks Solutions
SJM,The J.M. Smucker Company,reports,Consumer Staples,Packaged Foods & Meats,"Orrville, Ohio",2008-11-06,91419,1897,Q7742790,The J.M. Smucker Company
SNA,Snap-on,reports,Industrials,Industrial Machinery,"Kenosha, Wisconsin",1982-09-30,91440,1920,Q1631922,Snap-on
SEDG,SolarEdge,reports,Information Technology,Semiconductor Equipment,"Herzliya, Israel",2021-12-20,1419612,2006,Q187212,SolarEdge
SO,Southern Company,reports,Utilities,Electric Utilities,"Atlanta, Georgia",1957-03-04,92122,1945,Q2304693,Southern Company
LUV,Southwest Airlines,reports,Industrials,Airlines,"Dallas, Texas",1994-07-01,92380,1967,Q503308,Southwest Airlines
SWK,Stanley Black & Decker,reports,Industrials,Industrial Machinery,"New Britain, Connecticut",1982-09-30,93556,1843,Q706094,Stanley Black & Decker
SBUX,Starbucks,reports,Consumer Discretionary,Restaurants,"Seattle, Washington",2000-06-07,829224,1971,Q37158,Starbucks
STT,State Street Corporation,reports,Financials,Asset Management & Custody Banks,"Boston, Massachusetts",,93751,1792,Q2037125,State Street Corporation
STLD,Steel Dynamics,reports,Materials,Steel,"Fort Wayne, Indiana",2022-12-22,1022671,1993,Q7605667,Steel Dynamics
STE,Steris,reports,Health Care,Health Care Equipment,"Dublin, Ireland",2019-12-23,1757898,1985,Q80947821,Steris
SYK,Stryker Corporation,reports,Health Care,Health Care Equipment,"Kalamazoo, Michigan",2000-12-12,310764,1941,Q2357515,Stryker Corporation
SIVB,SVB Financial,reports,Financials,Regional Banks,"Santa Clara, California",2018-03-19,719739,1983,Q111839764,SVB Financial Group
SYF,Synchrony Financial,reports,Financials,Consumer Finance,"Stamford, Connecticut",2015-11-18,1601712,2003,Q18387139,Synchrony
SNPS,Synopsys,reports,Information Technology,Application Software,"Mountain View, California",2017-03-16,883241,1986,Q2303478,Synopsys
SYY,Sysco,reports,Consumer Staples,Food Distributors,"Houston, Texas",1986-12-31,96021,1969,Q2376711,Sysco
TMUS,T-Mobile US,reports,Communication Services,Wireless Telecommunication Services,"Bellevue, Washington",2019-07-15,1283699,1994,Q3511885,T-Mobile US
TROW,T. Rowe Price,reports,Financials,Asset Management & Custody Banks,"Baltimore, Maryland",,1113169,1937,Q3511946,T. Rowe Price
TTWO,Take-Two Interactive,reports,Communication Services,Interactive Home Entertainment,"New York City, New York",2018-03-19,946581,1993,Q94933,Take-Two Interactive
TPR,"Tapestry, Inc.",reports,Consumer Discretionary,"Apparel, Accessories & Luxury Goods","New York City, New York",,1116132,2017,Q56273715,"Tapestry, Inc."
TRGP,Targa Resources,reports,Energy,Oil & Gas Storage & Transportation,"Houston, Texas",2022-10-12,1389170,2005,Q7685824,Targa Resources
TGT,Target Corporation,reports,Consumer Discretionary,General Merchandise Stores,"Minneapolis, Minnesota",1976-12-31,27419,1902,Q1046951,Target Corporation
TEL,TE Connectivity,reports,Information Technology,Electronic Manufacturing Services,"Schaffhausen, Switzerland",2011-10-17,1385157,2007,Q663452,TE Connectivity
TDY,Teledyne Technologies,reports,Information Technology,Electronic Equipment & Instruments,"Thousand Oaks, California",2020-06-22,1094285,1960,Q7696127,Teledyne Technologies
TFX,Teleflex,reports,Health Care,Health Care Equipment,"Wayne, Pennsylvania",2019-01-18,96943,1943,Q7696143,Teleflex
TER,Teradyne,reports,Information Technology,Semiconductor Equipment,"North Reading, Massachusetts",2020-09-21,97210,1960,Q2404292,Teradyne
TSLA,"Tesla, Inc.",reports,Consumer Discretionary,Automobile Manufacturers,"Austin, Texas",2020-12-21,1318605,2003,Q478214,"Tesla, Inc."
TXN,Texas Instruments,reports,Information Technology,Semiconductors,"Dallas, Texas",,97476,1930,Q193412,Texas Instruments
TXT,Textron,reports,Industrials,Aerospace & Defense,"Providence, Rhode Island",1978-12-31,217346,1923,Q2140315,Textron
TMO,Thermo Fisher Scientific,reports,Health Care,Life Sciences Tools & Services,"Waltham, Massachusetts",2004-08-03,97745,2006 (1902),Q643674,Thermo Fisher Scientific
TJX,TJX Companies,reports,Consumer Discretionary,Apparel Retail,"Framingham, Massachusetts",1985-09-30,109198,1987,Q1285819,TJX Companies
TSCO,Tractor Supply,reports,Consumer Discretionary,Specialty Stores,"Brentwood, Tennessee",2014-01-24,916365,1938,Q15109925,Tractor Supply Company
TT,Trane Technologies,reports,Industrials,Building Products,"Dublin, Ireland",2010-11-17,1466258,1871,Q1663044,Trane Technologies
TDG,TransDigm Group,reports,Industrials,Aerospace & Defense,"Cleveland, Ohio",2016-06-03,1260221,1993,Q7833612,TransDigm Group
TRV,The Travelers Companies,reports,Financials,Property & Casualty Insurance,"New York City, New York",2002-08-21,86312,1853,Q942471,The Travelers Companies
TRMB,Trimble Inc.,reports,Information Technology,Electronic Equipment & Instruments,"Westminster, Colorado",2021-01-21,864749,1978,Q2297063,Trimble
TRMB,Trimble Inc.,reports,Information Technology,Electronic Equipment & Instruments,"Westminster, Colorado",2021-01-21,864749,1978,Q17079979,Meridian Systems
TFC,Truist,reports,Financials,Regional Banks,"Charlotte, North Carolina",1997-12-04,92230,1872,Q795486,Truist Financial
TYL,Tyler Technologies,reports,Information Technology,Application Software,"Plano, Texas",2020-06-22,860731,1966,Q48802335,Tyler Technologies
TSN,Tyson Foods,reports,Consumer Staples,Packaged Foods & Meats,"Springdale, Arkansas",2005-08-10,100493,1935,Q1325987,Tyson Foods
USB,U.S. Bank,reports,Financials,Diversified Banks,"Minneapolis, Minnesota",,36104,1968,Q739084,U.S. Bancorp
UDR,"UDR, Inc.",reports,Real Estate,Residential REITs,"Highlands Ranch, Colorado",2016-03-07,74208,1972,Q27988153,UDR Inc
ULTA,Ulta Beauty,reports,Consumer Discretionary,Specialty Stores,"Bolingbrook, Illinois",2016-04-18,1403568,1990,Q7880076,Ulta Beauty
UNP,Union Pacific Corporation,reports,Industrials,Railroads,"Omaha, Nebraska",1957-03-04,100885,1862,Q20183163,Union Pacific Corporation
UAL,United Airlines Holdings,reports,Industrials,Airlines,"Chicago, Illinois",2015-09-03,100517,1967,Q871700,United Airlines Holdings
UAL,United Airlines Holdings,reports,Industrials,Airlines,"Chicago, Illinois",2015-09-03,100517,1967,Q174769,United Airlines
UPS,United Parcel Service,reports,Industrials,Air Freight & Logistics,"Sandy Springs, Georgia",2002-07-22,1090727,1907,Q155026,United Parcel Service
URI,United Rentals,reports,Industrials,Trading Companies & Distributors,"Stamford, Connecticut",2014-09-20,1067701,1997,Q7889101,United Rentals
UNH,UnitedHealth Group,reports,Health Care,Managed Health Care,"Minnetonka, Minnesota",1994-07-01,731766,1977,Q2103926,UnitedHealth Group
UHS,Universal Health Services,reports,Health Care,Health Care Facilities,"King of Prussia, Pennsylvania",2014-09-20,352915,1979,Q7893967,Universal Health Services
VLO,Valero Energy,reports,Energy,Oil & Gas Refining & Marketing,"San Antonio, Texas",,1035002,1980,Q1283291,Valero Energy Corporation
VTR,Ventas,reports,Real Estate,Health Care REITs,"Chicago, Illinois",2009-03-04,740260,1998,Q19865761,"Ventas, Inc."
VRSN,Verisign,reports,Information Technology,Internet Services & Infrastructure,"Dulles, Virginia",2006-02-01,1014473,1995,Q734338,Verisign
VRSK,Verisk,reports,Industrials,Research & Consulting Services,"Jersey City, New Jersey",2015-10-08,1442145,1971,Q7921370,Verisk Analytics
VZ,Verizon,reports,Communication Services,Integrated Telecommunication Services,"New York City, New York",1983-11-30,732712,1983 (1877),Q467752,Verizon
VRTX,Vertex Pharmaceuticals,reports,Health Care,Biotechnology,"Cambridge, Massachusetts",2013-09-23,875320,1989,Q2744099,Vertex Pharmaceuticals
VFC,VF Corporation,reports,Consumer Discretionary,"Apparel, Accessories & Luxury Goods","Denver, Colorado",1979-06-30,103379,1899,Q457960,VF Corporation
VTRS,Viatris,reports,Health Care,Pharmaceuticals,"Pittsburgh, Pennsylvania",2004-04-23,1792044,1961,Q101983981,Viatris
V,Visa Inc.,reports,Information Technology,Data Processing & Outsourced Services,"San Francisco, California",2009-12-21,1403161,1958,Q328840,Visa Inc.
VMC,Vulcan Materials Company,reports,Materials,Construction Materials,"Birmingham, Alabama",1999-06-30,1396009,1909,Q1685287,Vulcan Materials Company
WAB,Wabtec,reports,Industrials,Construction Machinery & Heavy Trucks,"Pittsburgh, Pennsylvania",2019-02-27,943452,1999 (1869),Q741707,Wabtec
WBA,Walgreens Boots Alliance,reports,Consumer Staples,Drug Retail,"Deerfield, Illinois",1979-12-31,1618921,2014,Q18712620,Walgreens Boots Alliance
WMT,Walmart,reports,Consumer Staples,Hypermarkets & Super Centers,"Bentonville, Arkansas",1982-08-31,104169,1962,Q483551,Walmart
WBD,Warner Bros. Discovery,reports,Communication Services,Broadcasting,"New York City, New York",2022-04-11,1437107,2022,Q107074885,Warner Bros. Discovery
WM,Waste Management,reports,Industrials,Environmental & Facilities Services,"Houston, Texas",,823768,1968,Q2552219,"Waste Management, Inc"
WAT,Waters Corporation,reports,Health Care,Health Care Distributors,"Milford, Massachusetts",,1000697,1958,Q1322011,Waters Corporation
WEC,WEC Energy Group,reports,Utilities,Electric Utilities,"Milwaukee, Wisconsin",2008-10-31,783325,1896,Q8027166,Wisconsin Energy Corporation
WFC,Wells Fargo,reports,Financials,Diversified Banks,"San Francisco, California",1976-06-30,72971,1852,Q744149,Wells Fargo
WELL,Welltower,reports,Real Estate,Health Care REITs,"Toledo, Ohio",2009-01-30,766704,1970,Q20486917,Welltower
WST,West Pharmaceutical Services,reports,Health Care,Health Care Supplies,"Exton, Pennsylvania",2020-05-22,105770,1923,Q1660662,West Pharmaceutical Services
WDC,Western Digital,reports,Information Technology,"Technology Hardware, Storage & Peripherals","San Jose, California",2009-07-01,106040,1970,Q738770,Western Digital
WRK,WestRock,reports,Materials,Paper Packaging,"Atlanta, Georgia",,1732845,2015,Q21016487,WestRock
WY,Weyerhaeuser,reports,Real Estate,Specialized REITs,"Seattle, Washington",,106535,1900,Q1780382,Weyerhaeuser
WHR,Whirlpool Corporation,reports,Consumer Discretionary,Household Appliances,"Benton Harbor, Michigan",,106640,1911,Q1471346,Whirlpool Corporation
WMB,Williams Companies,reports,Energy,Oil & Gas Storage & Transportation,"Tulsa, Oklahoma",1975-03-31,107263,1908,Q930639,Williams Companies
GWW,W. W. Grainger,reports,Industrials,Industrial Machinery,"Lake Forest, Illinois",1981-06-30,277135,1927,Q1627894,W. W. Grainger
WYNN,Wynn Resorts,reports,Consumer Discretionary,Casinos & Gaming,"Paradise, Nevada",2008-11-14,1174922,2002,Q2274089,Wynn Resorts
XEL,Xcel Energy,reports,Utilities,Multi-Utilities,"Minneapolis, Minnesota",1957-03-04,72903,1909,Q1486956,Xcel Energy
XYL,Xylem Inc.,reports,Industrials,Industrial Machinery,"White Plains, New York",2011-11-01,1524472,2011,Q3146975,Xylem Inc.
YUM,Yum! Brands,reports,Consumer Discretionary,Restaurants,"Louisville, Kentucky",1997-10-06,1041061,1997,Q668737,Yum! Brands
ZBRA,Zebra Technologies,reports,Information Technology,Electronic Equipment & Instruments,"Lincolnshire, Illinois",2019-12-23,877212,1969,Q2443609,Zebra Technologies
ZBH,Zimmer Biomet,reports,Health Care,Health Care Equipment,"Warsaw, Indiana",2001-08-07,1136869,1927,Q203552,Zimmer Biomet Holdings
ZION,Zions Bancorporation,reports,Financials,Regional Banks,"Salt Lake City, Utah",2001-06-22,109380,1873,Q205378,Zions Bancorporation
ZION,Zions Bancorporation,reports,Financials,Regional Banks,"Salt Lake City, Utah",2001-06-22,109380,1873,Q8072579,Zions Direct
ZION,Zions Bancorporation,reports,Financials,Regional Banks,"Salt Lake City, Utah",2001-06-22,109380,1873,Q8072576,Zions Bank
ZTS,Zoetis,reports,Health Care,Pharmaceuticals,"Parsippany, New Jersey",2013-06-21,1555280,1952,Q8073337,Zoetis
